"feature_id","estimate_P_MCI_vs_S_MCI","se","t","p_value","fdr","n_subjects","df_residual","symbol"
"ENSG00000223461",-0.13495267494055,0.0311610355255187,-4.33081483540666,7.52947566038477e-05,0.928180260175504,52,48,""
"ENSG00000287614",-0.0806099504116136,0.0199876163949646,-4.03299467123659,0.0001963685176982,0.928180260175504,52,48,""
"ENSG00000105559",-0.292988851050467,0.0733407007287363,-3.99490116864494,0.0002215568846448,0.928180260175504,52,48,"PLEKHA4"
"ENSG00000242068",0.0225156890272603,0.0057067114028535,3.94547532507108,0.0002589338236476,0.928180260175504,52,48,"RNF13P1"
"ENSG00000214447",-0.184343561427058,0.0470017315509346,-3.92205894004756,0.0002787039499436,0.928180260175504,52,48,"FAM187A"
"ENSG00000269388",-0.208440429588866,0.0537874775126252,-3.87525943264285,0.0003226767797699,0.928180260175504,52,48,""
"ENSG00000141294",-0.242717180157478,0.0627546813344364,-3.86771432817854,0.0003303659033174,0.928180260175504,52,48,"LRRC46"
"ENSG00000188676",-0.19754917869691,0.0515232288644718,-3.83417699260559,0.0003667353088145,0.928180260175504,52,48,"IDO2"
"ENSG00000239557",-0.235341393499395,0.0627553158224459,-3.7501427634473,0.0004756110114554,0.928180260175504,52,48,"PPP2R5CP"
"ENSG00000104951",-0.412474420290762,0.111920156911419,-3.68543461404562,0.0005800049836221,0.928180260175504,52,48,"IL4I1"
"ENSG00000272469",0.0275180942190204,0.0076286510133104,3.60720318323738,0.0007357216621609,0.928180260175504,52,48,"RN7SL760P"
"ENSG00000267216",-0.361225073383799,0.100758488482218,-3.58505847820007,0.0007866181796389,0.928180260175504,52,48,"ZNF8-ERVK3-1"
"ENSG00000188820",-0.42991616733777,0.121320826959889,-3.54363037337282,0.0008910193668475,0.928180260175504,52,48,"CALHM6"
"ENSG00000065361",-0.183337473246816,0.0520568713746274,-3.52186884085729,0.0009510398181135,0.928180260175504,52,48,"ERBB3"
"ENSG00000127528",0.3322201164326,0.0946081560830355,3.51153780167766,0.0009808676520819,0.928180260175504,52,48,"KLF2"
"ENSG00000272767",-0.141571934960914,0.040406226474291,-3.50371582090178,0.0010040432864154,0.928180260175504,52,48,"JMJD1C-AS1"
"ENSG00000278313",0.0332957110967106,0.0095096042345303,3.50127200623245,0.0010113905611599,0.928180260175504,52,48,"LOC100420930"
"ENSG00000290123",0.0449925551310221,0.0128543823564811,3.50017246128803,0.0010147130314191,0.928180260175504,52,48,""
"ENSG00000249245",-0.0699920202057925,0.0200198469098388,-3.49613163981762,0.0010270127971232,0.928180260175504,52,48,"NCOA4P3"
"ENSG00000232956",-0.46776440661195,0.134291853930735,-3.48319270991084,0.001067361601316,0.928180260175504,52,48,"SNHG15"
"ENSG00000230280",0.265473334839529,0.0767798441072663,3.45759148024116,0.0011516951263449,0.928180260175504,52,48,"HNRNPA1P59"
"ENSG00000259357",0.410900008710341,0.11984763740052,3.42851989094413,0.0012551559609161,0.928180260175504,52,48,"CERS2-AS1"
"ENSG00000280092",-0.033099331290482,0.009668218030889,-3.42351932742237,0.0012738214194445,0.928180260175504,52,48,""
"ENSG00000279148",-0.195331950202207,0.0573974195743335,-3.40314863718287,0.0013526243217802,0.928180260175504,52,48,""
"ENSG00000287910",-0.0940471840157856,0.0276478982190315,-3.40160337942245,0.0013587876169487,0.928180260175504,52,48,""
"ENSG00000243224",0.160667552655639,0.0473685555502969,3.39186092523,0.0013982649903357,0.928180260175504,52,48,"TWF2-DT"
"ENSG00000132677",-0.0357669588519983,0.0105458199709313,-3.39157684756491,0.0013994323056877,0.928180260175504,52,48,"RHBG"
"ENSG00000270316",-0.699619525443495,0.20812815440847,-3.36148430966446,0.0015284729597018,0.928180260175504,52,48,"BORCS7-ASMT"
"ENSG00000272821",-0.736891685021213,0.219839272200074,-3.35195653463851,0.0015716320283264,0.928180260175504,52,48,""
"ENSG00000072571",0.252446662984086,0.0753519339169975,3.3502346902226,0.0015795541015207,0.928180260175504,52,48,"HMMR"
"ENSG00000277687",0.319108064350303,0.0963307123238508,3.31263058947914,0.0017623189703501,0.928180260175504,52,48,""
"ENSG00000117983",-0.174059795254489,0.052567144984891,-3.31118981836503,0.0017697056099049,0.928180260175504,52,48,"MUC5B"
"ENSG00000229543",0.0236401238763343,0.0071465125886336,3.30792447129154,0.001786555384039,0.928180260175504,52,48,""
"ENSG00000273702",-0.200395140496531,0.0606640563567036,-3.30335873549588,0.0018103705050568,0.928180260175504,52,48,""
"ENSG00000271780",-0.253334618614688,0.0767081565189445,-3.30257732829393,0.0018144763983821,0.928180260175504,52,48,""
"ENSG00000286086",-0.0846278127113082,0.0256718567943923,-3.29652090961312,0.0018466003305869,0.928180260175504,52,48,"TMEM41A-DT"
"ENSG00000243264",-0.331766194541458,0.100659785893229,-3.29591595687842,0.001849838501976,0.928180260175504,52,48,"IGKV2D-29"
"ENSG00000256812",-0.268369386391732,0.0814535862985786,-3.29475224587397,0.0018560827098722,0.928180260175504,52,48,"CAPNS2"
"ENSG00000204262",0.207443534984434,0.0630781992256747,3.28867243407289,0.0018890315702935,0.928180260175504,52,48,"COL5A2"
"ENSG00000198382",-0.132117975740406,0.0404857826999696,-3.263317810094,0.0020325038659524,0.928180260175504,52,48,"UVRAG"
"ENSG00000270499",0.0551586333031824,0.0169891341099515,3.24670068210674,0.0021320626888808,0.928180260175504,52,48,"MKI67P1"
"ENSG00000230702",0.0170163779011914,0.00527497011932,3.22587190377957,0.0022633731394482,0.928180260175504,52,48,"RPL31P30"
"ENSG00000286186",-0.21946448650352,0.0683530943231494,-3.21074691170481,0.0023634745708732,0.928180260175504,52,48,""
"ENSG00000289285",-0.250294204155765,0.0781623727418758,-3.20223395702609,0.0024216393789983,0.928180260175504,52,48,""
"ENSG00000161647",-0.199723613370298,0.0623858268594778,-3.20142608384704,0.0024272288181041,0.928180260175504,52,48,"MPP3"
"ENSG00000185899",0.122239135776089,0.0382168115253764,3.1985697104773,0.0024470890145355,0.928180260175504,52,48,"TAS2R60"
"ENSG00000198967",0.043804310223609,0.013698223100018,3.19780966507629,0.002452399338889,0.928180260175504,52,48,"OR10Z1"
"ENSG00000171425",-0.203948974064316,0.0637869156276077,-3.19734810905396,0.0024556294671383,0.928180260175504,52,48,"ZNF581"
"ENSG00000112238",0.0589310714437936,0.0185052436980555,3.18456067941358,0.0025467329610715,0.928180260175504,52,48,"PRDM13"
"ENSG00000219607",-0.254499597502685,0.0799304549050494,-3.1840128747548,0.002550706105222,0.928180260175504,52,48,"PPP1R3G"
"ENSG00000244998",-0.0651264577098374,0.0205032314607433,-3.1763996731214,0.002606532140557,0.928180260175504,52,48,"ASTILCS"
"ENSG00000289046",-0.139710033037757,0.0440034419101128,-3.17497966007175,0.0026170714567011,0.928180260175504,52,48,""
"ENSG00000272501",0.33024967105248,0.104067385738818,3.17342142024515,0.002628682914058,0.928180260175504,52,48,""
"ENSG00000275325",0.136784820590677,0.0434755910253401,3.14624407316166,0.0028391739926757,0.928180260175504,52,48,"PDCD6IPP1"
"ENSG00000259924",-0.0935333396712781,0.0297650202548385,-3.14239126566942,0.0028702683131881,0.928180260175504,52,48,""
"ENSG00000128272",-0.216524482770498,0.0689425637403117,-3.14065028950894,0.0028844238787545,0.928180260175504,52,48,"ATF4"
"ENSG00000099860",-0.383316108822991,0.122093950344487,-3.13951762344873,0.0028936686402055,0.928180260175504,52,48,"GADD45B"
"ENSG00000286153",-0.239820436340399,0.076470817222768,-3.13610400738592,0.0029216993649903,0.928180260175504,52,48,"RUNX1-AS1"
"ENSG00000260259",-0.059417521831902,0.0189691419700597,-3.13232522196759,0.002953026585969,0.928180260175504,52,48,"LINC02166"
"ENSG00000272512",-0.305633683906581,0.0983015153111207,-3.10914519414336,0.0031522180016248,0.928180260175504,52,48,""
"ENSG00000214988",0.0199127290098046,0.0064105330417012,3.10625167677477,0.0031779512688696,0.928180260175504,52,48,"RPL7AP26"
"ENSG00000165462",-0.100309815471231,0.0323050166032974,-3.1050847830548,0.0031883847072186,0.928180260175504,52,48,"PHOX2A"
"ENSG00000244357",0.150657456112137,0.0485704470037875,3.10183383942069,0.0032176220953711,0.928180260175504,52,48,"RN7SL145P"
"ENSG00000256628",-0.263993142764119,0.0851936007775585,-3.09874380651439,0.0032456457074758,0.928180260175504,52,48,"ZBTB11-AS1"
"ENSG00000162298",-0.178357419598093,0.0575880929678509,-3.09712321430165,0.0032604344250099,0.928180260175504,52,48,"SYVN1"
"ENSG00000227355",-0.255497386813151,0.0825155334781047,-3.09635502606242,0.003267466623172,0.928180260175504,52,48,"LOC102723324"
"ENSG00000273314",-0.262411641601138,0.0847813993306415,-3.0951558204147,0.003278472958327,0.928180260175504,52,48,""
"ENSG00000160190",-0.218676237943962,0.0706836843733196,-3.09373004368323,0.0032916040856105,0.928180260175504,52,48,"SLC37A1"
"ENSG00000286102",0.103027944646491,0.0333423037353042,3.09000678130709,0.0033261279367836,0.928180260175504,52,48,"FAM246A"
"ENSG00000138606",-0.178008520025632,0.0577268847487714,-3.0836328826738,0.0033860203324753,0.928180260175504,52,48,"SHF"
"ENSG00000170684",-0.355438178367904,0.115845430261525,-3.06821061103136,0.0035351508869882,0.928180260175504,52,48,"ZNF296"
"ENSG00000216475",0.0179909164497733,0.0058680579723383,3.06590639263983,0.0035579544211454,0.928180260175504,52,48,"SSBP1P4"
"ENSG00000126259",0.056742752791045,0.0185824240469589,3.05357108672435,0.0036823945750026,0.928180260175504,52,48,"KIRREL2"
"ENSG00000176170",-0.329780929096583,0.108228991276185,-3.0470664579607,0.0037496461302113,0.928180260175504,52,48,"SPHK1"
"ENSG00000233220",-0.145179795665186,0.0476459311054723,-3.04705548399938,0.0037497605569305,0.928180260175504,52,48,"PRDM10-DT"
"ENSG00000217414",-0.0242090929725051,0.0079515586858639,-3.04457200517723,0.003775740414539,0.928180260175504,52,48,"DDX18P3"
"ENSG00000233208",-0.0750618400224153,0.0247316149839203,-3.03505614458328,0.0038768561390537,0.928180260175504,52,48,"LINC00642"
"ENSG00000276116",-0.249345024555804,0.0822349707827213,-3.03210449499174,0.0039087323170705,0.928180260175504,52,48,"FUT8-AS1"
"ENSG00000222724",-0.0544423279190826,0.0179612788395748,-3.0310941890801,0.0039196993365166,0.928180260175504,52,48,"RNU2-63P"
"ENSG00000238000",-0.154194768371225,0.050944475661594,-3.02672206100395,0.0039674924713853,0.928180260175504,52,48,"PSME2P1"
"ENSG00000259073",-0.111377762571966,0.0368149486469646,-3.02534070168122,0.0039827056334221,0.928180260175504,52,48,"FOXN3-AS2"
"ENSG00000184305",-0.263010473159119,0.0869398685440451,-3.02519980261845,0.0039842604464392,0.928180260175504,52,48,"CCSER1"
"ENSG00000226080",0.0203005572506237,0.0067303835533124,3.01625562493131,0.0040841301301481,0.928180260175504,52,48,"RPL6P4"
"ENSG00000228495",-0.341331197601506,0.11317982167421,-3.01583084822341,0.0040889309315834,0.928180260175504,52,48,"LINC01013"
"ENSG00000271926",0.0393046351499775,0.0130412375180427,3.0138731156149,0.0041111254510696,0.928180260175504,52,48,""
"ENSG00000254859",0.405434830199177,0.134649402021086,3.01104070358728,0.004143435687251,0.928180260175504,52,48,""
"ENSG00000275092",-0.138603879620199,0.0461662783908942,-3.00227535012953,0.0042449365470391,0.928180260175504,52,48,""
"ENSG00000204220",-0.171174013074686,0.0571471892602202,-2.99531814758628,0.0043271498437828,0.928180260175504,52,48,"PFDN6"
"ENSG00000092850",-0.587839330949735,0.196647808651189,-2.98930018585885,0.0043994625059254,0.928180260175504,52,48,"TEKT2"
"ENSG00000249131",-0.0404694318699472,0.0135537493216789,-2.98584774658753,0.0044414557727335,0.928180260175504,52,48,"PSD2-AS1"
"ENSG00000273284",-0.213510621300829,0.0716353376411478,-2.9805209039482,0.0045069835331967,0.928180260175504,52,48,""
"ENSG00000166503",0.281794729670297,0.0946523140757217,2.97715626313015,0.0045488376793786,0.928180260175504,52,48,"HDGFL3"
"ENSG00000261588",0.0310068033086094,0.0104247034224488,2.97435831525321,0.0045839186978793,0.928180260175504,52,48,""
"ENSG00000258344",0.138777119672409,0.0467101012719809,2.9710301603575,0.0046259765296472,0.928180260175504,52,48,""
"ENSG00000170122",-0.16553268345676,0.0557183827402318,-2.97088097887729,0.0046278701453044,0.928180260175504,52,48,"FOXD4"
"ENSG00000270390",-0.071987158109626,0.0242533387486092,-2.968133948723,0.004662868852497,0.928180260175504,52,48,"SFXN4P1"
"ENSG00000216866",-0.14101525053859,0.0476658552763028,-2.95841225802354,0.0047887232794804,0.928180260175504,52,48,"RPS2P55"
"ENSG00000007908",-0.0370098465993876,0.012512806013102,-2.9577575613843,0.0047973117355535,0.928180260175504,52,48,"SELE"
"ENSG00000264943",-0.195442670854754,0.0660986579548161,-2.95683266350665,0.0048094692502926,0.928180260175504,52,48,"SH3GL1P2"
"ENSG00000285458",-0.136952413215299,0.0463291627529812,-2.95607356311411,0.0048194688799845,0.928180260175504,52,48,"C4orf36"
