"gene","n_probes","MCI_vs_HC","AD_vs_MCI","AD_vs_HC","fdr_MCI_vs_HC","fdr_AD_vs_MCI","trajectory_class"
"DEGS1",2,-0.19731308161098,0.220415948349257,0.023102866738277,0.00059712615101025,0.0215612031712972,"MCI_trough"
"DRAM",1,-0.165623963280606,0.18102853664463,0.015404573364024,0.00034261751234417,0.0215612031712972,"MCI_trough"
"LPGAT1",2,-0.0996621198608829,0.103994787195433,0.00433266733455009,0.000223336346630221,0.0215612031712972,"MCI_trough"
"PGM2",1,-0.190777102022732,0.193013872324144,0.00223677030141201,6.47549889045236e-05,0.0215612031712972,"MCI_trough"
"RNASEL",2,-0.129792661669148,0.210747148906233,0.080954487237085,0.019821770893755,0.0215612031712972,"MCI_trough"
"SARM1",1,0.188035755203416,-0.162429333918221,0.025606421285195,5.65649861885021e-06,0.0215612031712972,"MCI_peak"
"SIGIRR",3,0.122851930074619,-0.176312838479673,-0.053460908405054,0.00880560339586395,0.0215612031712972,"MCI_peak"
"TBCD",2,0.214550555138601,-0.158697566907224,0.055852988231377,4.69078237739969e-07,0.0215612031712972,"MCI_peak"
"UCP2",1,0.37153789480903,-0.463723744223497,-0.092185849414467,0.00138139002917512,0.0215612031712972,"MCI_peak"
"ZFPM1",1,0.284711778682297,-0.236082398012072,0.048629380670225,4.38352717166922e-06,0.0215612031712972,"MCI_peak"
"ELAVL3",2,0.0687605130438587,-0.0935234451682203,-0.0247629321243616,0.00627103153665039,0.0226696371556055,"MCI_peak"
"FGF2",1,0.094557439110682,-0.0950762869263055,-0.000518847815623502,0.000149087073613482,0.0226696371556055,"MCI_peak"
"PHF15",1,0.278204235290095,-0.257244966734295,0.0209592685558,4.68073430980534e-05,0.0240983692327448,"MCI_peak"
"GPR160",1,-0.112163916196996,0.193690465689055,0.081526549492059,0.0250568329952368,0.0215612031712972,"MCI_trough"
"AES",3,0.161133970274274,-0.246133983696171,-0.085000013421897,0.0201272730765742,0.0253540123119778,"MCI_peak"
"LOC152195",1,-0.0688615560671155,0.0991336179124409,0.0302720618453254,0.0123954649953647,0.0253540123119778,"MCI_trough"
"RCBTB2",2,-0.167281172132513,0.186594108624592,0.019312936492079,0.000973706233750039,0.0253540123119778,"MCI_trough"
"TMEM71",1,-0.262051960693122,0.391961920120979,0.129909959427857,0.0169390062131125,0.0253540123119778,"MCI_trough"
"PHC1",1,0.117776801039216,-0.111327814477337,0.00644898656187901,0.000106122699106041,0.0258265630260419,"MCI_peak"
"SLC35A5",1,-0.255191050100577,0.20914359669761,-0.046047453402967,9.72517565260419e-06,0.0258265630260419,"MCI_trough"
"SLC40A1",2,-0.146518351523552,0.201623252161715,0.055104900638163,0.0091652370141824,0.0258265630260419,"MCI_trough"
"TMED5",1,-0.349668739087407,0.364414157018607,0.0147454179312,0.000487377899347612,0.0258265630260419,"MCI_trough"
"TRIM33",2,-0.208109473062413,0.233319497115315,0.025210024052902,0.00122445672614659,0.0258265630260419,"MCI_trough"
"USP15",1,-0.194797287960797,0.25855357122303,0.063756283262233,0.00685084542639939,0.0258265630260419,"MCI_trough"
"CENTB2",2,-0.140334856286652,0.223314492864419,0.082979636577767,0.0259189919752852,0.0253540123119778,"MCI_trough"
"RP2",1,-0.216939390436462,0.239717113019349,0.022777722582887,0.00107869622999565,0.0263381720974943,"MCI_trough"
"DHCR7",2,0.102756362656037,-0.0905041761024399,0.0122521865535971,5.7040293332658e-05,0.0316037347723857,"MCI_peak"
"FBXL5",2,-0.150308022666254,0.220098611469215,0.069790588802961,0.0192925544718067,0.0316037347723857,"MCI_trough"
"HMGCR",1,-0.150803467892447,0.207072173253483,0.056268705361036,0.0119760222556508,0.0316037347723857,"MCI_trough"
"PRDM10",2,-0.0884991584559556,0.109235487351654,0.0207363288956984,0.00443032140364646,0.0316037347723857,"MCI_trough"
"TLE4",2,-0.141993748318267,0.200876406911281,0.058882658593014,0.0153427884189957,0.0316037347723857,"MCI_trough"
"ZSWIM6",1,-0.231768476705346,0.228434486286791,-0.00333399041855501,0.000312044265936402,0.0316037347723857,"MCI_trough"
"TIPARP",1,-0.128119532128145,0.185139161927769,0.057019629799624,0.0187710332295176,0.0336291634391288,"MCI_trough"
"DSE",2,-0.116313406695794,0.142869213755429,0.026555807059635,0.00517808481398016,0.0336520378298532,"MCI_trough"
"GNG10",2,-0.197676109468461,0.267097414814623,0.069421305346162,0.0118783165826819,0.0336520378298532,"MCI_trough"
"HSDL2",1,-0.268610682189292,0.22013583259711,-0.048474849592182,2.10387253584326e-05,0.0336520378298532,"MCI_trough"
"LAT1-3TM",1,0.198460527419074,-0.143634623796782,0.054825903622292,2.09085580289641e-06,0.0336520378298532,"MCI_peak"
"RMI1",2,-0.117864189202868,0.133284603960758,0.01542041475789,0.00205351104206351,0.0336520378298532,"MCI_trough"
"ZNF444",1,0.184190004253859,-0.137258898324205,0.046931105929654,3.73874327300069e-06,0.0336520378298532,"MCI_peak"
"SMCHD1",1,-0.143659004408584,0.196092859594495,0.052433855185911,0.0133780356553779,0.0339759424439354,"MCI_trough"
"NOLA3",1,-0.506073278664688,0.357766867281003,-0.148306411383685,1.64115550736308e-06,0.0345194732125849,"MCI_trough"
"RRM2B",2,-0.0828185288850198,0.0912423242417058,0.008423795356686,0.00175333935890489,0.0345194732125849,"MCI_trough"
"SSBP3",2,0.202292793955162,-0.209910452691226,-0.00761765873606399,0.000897840930089225,0.0345194732125849,"MCI_peak"
"STRN3",1,-0.117505950161005,0.156866365779027,0.039360415618022,0.011926433029057,0.0345194732125849,"MCI_trough"
"TMEM55A",1,-0.169306111515937,0.243245981081749,0.073939869565812,0.0203312263535744,0.0345194732125849,"MCI_trough"
"FLJ32569",2,0.0243397387350868,-0.0316973848236941,-0.0073576460886073,0.00978127391787228,0.0346892480051647,"MCI_peak"
"DDX56",1,0.260214393488532,-0.188422238879436,0.071792154609096,2.91114706765583e-06,0.0347503847162871,"MCI_peak"
"KIAA1600",1,-0.353053479520262,0.336904370888908,-0.016149108631354,0.00031403734978516,0.0347503847162871,"MCI_trough"
"CUL4B",2,-0.0717733787122077,0.0847386505282088,0.0129652718160011,0.00412815811878513,0.0348975564169094,"MCI_trough"
"B3GAT3",1,0.151066359044521,-0.136384200454744,0.014682158589777,0.00014536082311605,0.0353569580669335,"MCI_peak"
"ICAM2",1,0.220926869282541,-0.257449178833303,-0.036522309550762,0.00371044868185168,0.0353569580669335,"MCI_peak"
"OGFRL1",2,-0.186856721133541,0.168801825774218,-0.018054895359323,0.000160606132383044,0.0369749221239016,"MCI_trough"
"ACSS1",1,0.158884279115878,-0.178878605690159,-0.019994326574281,0.00301887335952071,0.0387538328413328,"MCI_peak"
"ADAM10",2,-0.0728548527136827,0.0822137291373592,0.00935887642367651,0.00313416632089438,0.0387538328413328,"MCI_trough"
"C16orf72",1,-0.250043967730269,0.217929234856021,-0.032114732874248,0.000101848675050586,0.0387538328413328,"MCI_trough"
"RNF13",2,-0.163591150701958,0.184955766704018,0.02136461600206,0.00313424722767022,0.0387538328413328,"MCI_trough"
"SCAMP3",2,0.131411960327246,-0.128430049892763,0.00298191043448301,0.0005892419156435,0.0387538328413328,"MCI_peak"
"STAG3L2",1,0.256023307750826,-0.25198602065811,0.004037287092716,0.000637786722898606,0.0387538328413328,"MCI_peak"
"PTGS2",2,-0.165891243384966,0.250836539491494,0.084945296106528,0.0352467829913869,0.0388374185750796,"MCI_trough"
"GPI",1,0.327102574643371,-0.270658634143778,0.056443940499593,5.03423522723148e-05,0.0394271236145599,"MCI_peak"
"ITPKB",1,0.314753723081787,-0.210703969422279,0.104049753659508,1.36921546234105e-06,0.042057720777666,"MCI_peak"
"CCNG2",2,-0.0864298298826696,0.127986516722577,0.0415566868399074,0.0330451185333293,0.0425501922182662,"MCI_trough"
"VAT1",1,0.163080365997667,-0.137027868068837,0.02605249792883,7.49722580516279e-05,0.0425501922182662,"MCI_peak"
"LOC641972",1,0.0902666269603225,-0.103507482352365,-0.0132408553920425,0.00439291684147388,0.0429449272659837,"MCI_peak"
"GCA",1,-0.387216822443537,0.39176229117713,0.00454546873359302,0.00112282795445484,0.0429976546268165,"MCI_trough"
"KIAA0152",1,0.130219013549581,-0.191353280328407,-0.061134266778826,0.0323510554191262,0.0429976546268165,"MCI_peak"
"RGS18",1,-0.43282397319374,0.51524418166447,0.0824202084707299,0.00655348874734515,0.0443763800023808,"MCI_trough"
"C20orf197",1,-0.0621845209611203,0.0795236447448464,0.0173391237837261,0.0123620329518865,0.0443809267059714,"MCI_trough"
"PIP5K1C",1,0.292995606927247,-0.220724741804617,0.07227086512263,1.32738123708998e-05,0.0443809267059714,"MCI_peak"
"BCAT2",1,0.17988894849184,-0.149245530024833,0.030643418467007,7.17505437601708e-05,0.0448988176043983,"MCI_peak"
"CD46",2,-0.192722693695152,0.226496899746205,0.033774206051053,0.00605694357306766,0.0448988176043983,"MCI_trough"
"CNOT2",1,0.143586831512601,-0.143098158948442,0.000488672564158993,0.00111211696630071,0.0448988176043983,"MCI_peak"
"DDX24",1,0.213256024005701,-0.206556113107195,0.00669991089850602,0.000741971850484172,0.0448988176043983,"MCI_peak"
"IFNGR1",1,-0.392903420047866,0.412898531594866,0.019995111547,0.00196317589993409,0.0448988176043983,"MCI_trough"
"LEPR",4,-0.0205493049418699,0.0279446603900393,0.0073953554481694,0.0202428395526628,0.0448988176043983,"MCI_trough"
"NETO2",1,-0.0821393263449091,0.0756792413538578,-0.0064600849910513,0.0003961411282129,0.0448988176043983,"MCI_trough"
"SPTAN1",1,0.335909399787326,-0.252797988502925,0.083111411284401,1.44864802335015e-05,0.0448988176043983,"MCI_peak"
"TRIM28",1,0.326840953245003,-0.216188152010148,0.110652801234855,1.56015115917575e-06,0.0448988176043983,"MCI_peak"
"USP38",1,-0.26900552269663,0.218864442738368,-0.050141079958262,5.96332447011145e-05,0.0448988176043983,"MCI_trough"
"ZNF827",1,0.246741164118115,-0.187069718505854,0.059671445612261,1.77066995110977e-05,0.0448988176043983,"MCI_peak"
"MLSTD2",1,-0.249616493922721,0.252886941391995,0.00327044746927402,0.00145897514098063,0.0482184599147506,"MCI_trough"
"C22orf39",1,-0.0631329143910926,0.07260360540513,0.0094706910140374,0.00579936639340195,0.0487474725518476,"MCI_trough"
"CCPG1",2,-0.198523094028331,0.168736851990801,-0.02978624203753,0.000151371571032178,0.0487474725518476,"MCI_trough"
"EIF3B",3,0.1864799760571,-0.241590079065571,-0.055110103008471,0.0160813529169117,0.0487474725518476,"MCI_peak"
"MOCS1",3,0.043959898006444,-0.0598548897763247,-0.0158949917698807,0.0232390459187888,0.0487474725518476,"MCI_peak"
"NDUFV1",1,0.273540687981411,-0.204898498654726,0.068642189326685,1.76546574490447e-05,0.0487474725518476,"MCI_peak"
"PPP3CA",2,-0.0709804834789929,0.066900658914737,-0.0040798245642559,0.000673281184372704,0.0487474725518476,"MCI_trough"
"SLC25A1",1,0.225983611857167,-0.184938615226391,0.041044996630776,7.6943246224717e-05,0.0487474725518476,"MCI_peak"
"STX6",2,-0.134564718063079,0.128778364382701,-0.005786353680378,0.000800710036052112,0.0487474725518476,"MCI_trough"
"URM1",1,0.157279291513365,-0.172420792827891,-0.015141501314526,0.00355567608022682,0.0487474725518476,"MCI_peak"
"POLR3A",2,0.14026459726762,-0.122208735112536,0.018055862155084,0.000227685466714306,0.0488329351218003,"MCI_peak"
"PPP2R5A",1,-0.184607970193927,0.307678456507984,0.123070486314057,0.0489136964170553,0.0336520378298532,"MCI_trough"
"TP53INP1",2,-0.25986771393443,0.260732842275123,0.000865128340693022,0.00149578540043938,0.0498088530402654,"MCI_trough"
"C16orf56",1,0.322138118894949,-0.169520404490425,0.152617714404524,2.36232355369311e-08,0.0499633206935773,"MCI_peak"
"CD58",2,-0.38655664212118,0.257550348874213,-0.129006293246967,2.47230911624464e-06,0.0499633206935773,"MCI_trough"
