"panel_gene","disease_group","cell_type","mean_expr","assay_gene.x","assay_gene.y","z"
"C22ORF39","HC","Central memory CD8 T cells",0.128460173508877,"C22orf39","C22orf39",-0.77298909453888
"C22ORF39","HC","Effector memory CD8 T cells",0.130027435268676,"C22orf39","C22orf39",-0.77298909453888
"C22ORF39","HC","MAIT cells",0.110420381783698,"C22orf39","C22orf39",-0.77298909453888
"C22ORF39","HC","Naive CD8 T cells",0.198210603988324,"C22orf39","C22orf39",-0.77298909453888
"C22ORF39","HC","Natural killer cells",0.036851890731695,"C22orf39","C22orf39",-0.77298909453888
"C22ORF39","HC","Neutrophil",0.275528883081203,"C22orf39","C22orf39",-0.77298909453888
"C22ORF39","HC","Non-switched memory B cells",0.254053170281418,"C22orf39","C22orf39",-0.77298909453888
"C22ORF39","HC","Terminal effector CD8 T cells",0.161865223691923,"C22orf39","C22orf39",-0.77298909453888
"C22ORF39","HC","Th2 cells",0.223074804285153,"C22orf39","C22orf39",-0.77298909453888
"C22ORF39","MCI","Central memory CD8 T cells",0.107481599597234,"C22orf39","C22orf39",-0.77298909453888
"C22ORF39","MCI","Effector memory CD8 T cells",0.228062866070822,"C22orf39","C22orf39",-0.77298909453888
"C22ORF39","MCI","MAIT cells",0.223089902404824,"C22orf39","C22orf39",-0.77298909453888
"C22ORF39","MCI","Naive CD8 T cells",0.220832196291807,"C22orf39","C22orf39",-0.77298909453888
"C22ORF39","MCI","Natural killer cells",NA,NA,"C22orf39",-0.77298909453888
"C22ORF39","MCI","Neutrophil",NA,NA,"C22orf39",-0.77298909453888
"C22ORF39","MCI","Non-switched memory B cells",0.167629975250695,"C22orf39","C22orf39",-0.77298909453888
"C22ORF39","MCI","Terminal effector CD8 T cells",0.229280787497522,"C22orf39","C22orf39",-0.77298909453888
"C22ORF39","MCI","Th2 cells",0.239785876845237,"C22orf39","C22orf39",-0.77298909453888
"C22ORF39","AD","Central memory CD8 T cells",0.152456771815383,"C22orf39","C22orf39",-0.77298909453888
"C22ORF39","AD","Effector memory CD8 T cells",0.173281207610971,"C22orf39","C22orf39",-0.77298909453888
"C22ORF39","AD","MAIT cells",0.143199887890886,"C22orf39","C22orf39",-0.77298909453888
"C22ORF39","AD","Naive CD8 T cells",0.203153717191727,"C22orf39","C22orf39",-0.77298909453888
"C22ORF39","AD","Natural killer cells",0,"C22orf39","C22orf39",-0.77298909453888
"C22ORF39","AD","Neutrophil",0.313410764531431,"C22orf39","C22orf39",-0.77298909453888
"C22ORF39","AD","Non-switched memory B cells",0.22540467972694,"C22orf39","C22orf39",-0.77298909453888
"C22ORF39","AD","Terminal effector CD8 T cells",0.242714546599491,"C22orf39","C22orf39",-0.77298909453888
"C22ORF39","AD","Th2 cells",0.215515805707757,"C22orf39","C22orf39",-0.77298909453888
"EIF3B","HC","Central memory CD8 T cells",0.0700148051159542,"EIF3B","EIF3B",-0.603068004529388
"EIF3B","HC","Effector memory CD8 T cells",0.0835755048852548,"EIF3B","EIF3B",-0.603068004529388
"EIF3B","HC","MAIT cells",0.102442239136697,"EIF3B","EIF3B",-0.603068004529388
"EIF3B","HC","Naive CD8 T cells",0.109256130303091,"EIF3B","EIF3B",-0.603068004529388
"EIF3B","HC","Natural killer cells",0.221847147244745,"EIF3B","EIF3B",-0.603068004529388
"EIF3B","HC","Neutrophil",0.251439739151269,"EIF3B","EIF3B",-0.603068004529388
"EIF3B","HC","Non-switched memory B cells",0.170745549366653,"EIF3B","EIF3B",-0.603068004529388
"EIF3B","HC","Terminal effector CD8 T cells",0.0894349222277433,"EIF3B","EIF3B",-0.603068004529388
"EIF3B","HC","Th2 cells",0.100151926230598,"EIF3B","EIF3B",-0.603068004529388
"EIF3B","MCI","Central memory CD8 T cells",0.0570161021346128,"EIF3B","EIF3B",-0.603068004529388
"EIF3B","MCI","Effector memory CD8 T cells",0.0812326364313324,"EIF3B","EIF3B",-0.603068004529388
"EIF3B","MCI","MAIT cells",0.0999589205658034,"EIF3B","EIF3B",-0.603068004529388
"EIF3B","MCI","Naive CD8 T cells",0.129725038843127,"EIF3B","EIF3B",-0.603068004529388
"EIF3B","MCI","Natural killer cells",NA,NA,"EIF3B",-0.603068004529388
"EIF3B","MCI","Neutrophil",NA,NA,"EIF3B",-0.603068004529388
"EIF3B","MCI","Non-switched memory B cells",0.100116917004774,"EIF3B","EIF3B",-0.603068004529388
"EIF3B","MCI","Terminal effector CD8 T cells",0.0980579308987262,"EIF3B","EIF3B",-0.603068004529388
"EIF3B","MCI","Th2 cells",0.15575145472492,"EIF3B","EIF3B",-0.603068004529388
"EIF3B","AD","Central memory CD8 T cells",0.100735392502219,"EIF3B","EIF3B",-0.603068004529388
"EIF3B","AD","Effector memory CD8 T cells",0.0797034092649994,"EIF3B","EIF3B",-0.603068004529388
"EIF3B","AD","MAIT cells",0.095183684574226,"EIF3B","EIF3B",-0.603068004529388
"EIF3B","AD","Naive CD8 T cells",0.092383693521289,"EIF3B","EIF3B",-0.603068004529388
"EIF3B","AD","Natural killer cells",0,"EIF3B","EIF3B",-0.603068004529388
"EIF3B","AD","Neutrophil",0.295679056158219,"EIF3B","EIF3B",-0.603068004529388
"EIF3B","AD","Non-switched memory B cells",0,"EIF3B","EIF3B",-0.603068004529388
"EIF3B","AD","Terminal effector CD8 T cells",0.0824543219701954,"EIF3B","EIF3B",-0.603068004529388
"EIF3B","AD","Th2 cells",0.0897478099038929,"EIF3B","EIF3B",-0.603068004529388
"GCA","HC","Central memory CD8 T cells",0.0412062666906144,"GCA","GCA",-0.25335150650622
"GCA","HC","Effector memory CD8 T cells",0.0219763099431926,"GCA","GCA",-0.25335150650622
"GCA","HC","MAIT cells",0.0183776371553506,"GCA","GCA",-0.25335150650622
"GCA","HC","Naive CD8 T cells",0.0560985801634504,"GCA","GCA",-0.25335150650622
"GCA","HC","Natural killer cells",0,"GCA","GCA",-0.25335150650622
"GCA","HC","Neutrophil",0.8147727478446,"GCA","GCA",-0.25335150650622
"GCA","HC","Non-switched memory B cells",0.0701395115743786,"GCA","GCA",-0.25335150650622
"GCA","HC","Terminal effector CD8 T cells",0.0153843155302933,"GCA","GCA",-0.25335150650622
"GCA","HC","Th2 cells",0.0478833077161952,"GCA","GCA",-0.25335150650622
"GCA","MCI","Central memory CD8 T cells",0.0429847335328373,"GCA","GCA",-0.25335150650622
"GCA","MCI","Effector memory CD8 T cells",0.0518309723503535,"GCA","GCA",-0.25335150650622
"GCA","MCI","MAIT cells",0.0434222257213986,"GCA","GCA",-0.25335150650622
"GCA","MCI","Naive CD8 T cells",0.0355130133893523,"GCA","GCA",-0.25335150650622
"GCA","MCI","Natural killer cells",NA,NA,"GCA",-0.25335150650622
"GCA","MCI","Neutrophil",NA,NA,"GCA",-0.25335150650622
"GCA","MCI","Non-switched memory B cells",0,"GCA","GCA",-0.25335150650622
"GCA","MCI","Terminal effector CD8 T cells",0.0216908796227339,"GCA","GCA",-0.25335150650622
"GCA","MCI","Th2 cells",0.0469944467516956,"GCA","GCA",-0.25335150650622
"GCA","AD","Central memory CD8 T cells",0.0346476900238566,"GCA","GCA",-0.25335150650622
"GCA","AD","Effector memory CD8 T cells",0.0278151577250788,"GCA","GCA",-0.25335150650622
"GCA","AD","MAIT cells",0.0279560430101337,"GCA","GCA",-0.25335150650622
"GCA","AD","Naive CD8 T cells",0.0429793724183895,"GCA","GCA",-0.25335150650622
"GCA","AD","Natural killer cells",0,"GCA","GCA",-0.25335150650622
"GCA","AD","Neutrophil",0.480173187365891,"GCA","GCA",-0.25335150650622
"GCA","AD","Non-switched memory B cells",0.153222861851341,"GCA","GCA",-0.25335150650622
"GCA","AD","Terminal effector CD8 T cells",0.0193775148083102,"GCA","GCA",-0.25335150650622
"GCA","AD","Th2 cells",0.0442323773519765,"GCA","GCA",-0.25335150650622
"GPI","HC","Central memory CD8 T cells",0.478558665686484,"GPI","GPI",0.234168996548062
"GPI","HC","Effector memory CD8 T cells",0.558181065748808,"GPI","GPI",0.234168996548062
"GPI","HC","MAIT cells",0.610415273370935,"GPI","GPI",0.234168996548062
"GPI","HC","Naive CD8 T cells",0.358012479742943,"GPI","GPI",0.234168996548062
"GPI","HC","Natural killer cells",0.2938178572778,"GPI","GPI",0.234168996548062
"GPI","HC","Neutrophil",0.339356580562754,"GPI","GPI",0.234168996548062
"GPI","HC","Non-switched memory B cells",0.351665164123847,"GPI","GPI",0.234168996548062
"GPI","HC","Terminal effector CD8 T cells",0.46682324560433,"GPI","GPI",0.234168996548062
"GPI","HC","Th2 cells",0.523128406991965,"GPI","GPI",0.234168996548062
"GPI","MCI","Central memory CD8 T cells",0.454443470713891,"GPI","GPI",0.234168996548062
"GPI","MCI","Effector memory CD8 T cells",0.445358880770847,"GPI","GPI",0.234168996548062
"GPI","MCI","MAIT cells",0.516516215515471,"GPI","GPI",0.234168996548062
"GPI","MCI","Naive CD8 T cells",0.283962141517127,"GPI","GPI",0.234168996548062
"GPI","MCI","Natural killer cells",NA,NA,"GPI",0.234168996548062
"GPI","MCI","Neutrophil",NA,NA,"GPI",0.234168996548062
"GPI","MCI","Non-switched memory B cells",0.244423696909096,"GPI","GPI",0.234168996548062
"GPI","MCI","Terminal effector CD8 T cells",0.470088375544265,"GPI","GPI",0.234168996548062
"GPI","MCI","Th2 cells",0.483822684181434,"GPI","GPI",0.234168996548062
"GPI","AD","Central memory CD8 T cells",0.386117972193572,"GPI","GPI",0.234168996548062
"GPI","AD","Effector memory CD8 T cells",0.46207209958314,"GPI","GPI",0.234168996548062
"GPI","AD","MAIT cells",0.619373511435694,"GPI","GPI",0.234168996548062
"GPI","AD","Naive CD8 T cells",0.315624911765965,"GPI","GPI",0.234168996548062
"GPI","AD","Natural killer cells",0.803600834195307,"GPI","GPI",0.234168996548062
"GPI","AD","Neutrophil",0.433558989169118,"GPI","GPI",0.234168996548062
"GPI","AD","Non-switched memory B cells",0.37144355126445,"GPI","GPI",0.234168996548062
"GPI","AD","Terminal effector CD8 T cells",0.483158349412489,"GPI","GPI",0.234168996548062
"GPI","AD","Th2 cells",0.493517882437525,"GPI","GPI",0.234168996548062
"LAT1-3TM","HC","Central memory CD8 T cells",NA,NA,NA,NA
"LAT1-3TM","HC","Effector memory CD8 T cells",NA,NA,NA,NA
"LAT1-3TM","HC","MAIT cells",NA,NA,NA,NA
"LAT1-3TM","HC","Naive CD8 T cells",NA,NA,NA,NA
"LAT1-3TM","HC","Natural killer cells",NA,NA,NA,NA
"LAT1-3TM","HC","Neutrophil",NA,NA,NA,NA
"LAT1-3TM","HC","Non-switched memory B cells",NA,NA,NA,NA
"LAT1-3TM","HC","Terminal effector CD8 T cells",NA,NA,NA,NA
"LAT1-3TM","HC","Th2 cells",NA,NA,NA,NA
"LAT1-3TM","MCI","Central memory CD8 T cells",NA,NA,NA,NA
"LAT1-3TM","MCI","Effector memory CD8 T cells",NA,NA,NA,NA
"LAT1-3TM","MCI","MAIT cells",NA,NA,NA,NA
"LAT1-3TM","MCI","Naive CD8 T cells",NA,NA,NA,NA
"LAT1-3TM","MCI","Natural killer cells",NA,NA,NA,NA
"LAT1-3TM","MCI","Neutrophil",NA,NA,NA,NA
"LAT1-3TM","MCI","Non-switched memory B cells",NA,NA,NA,NA
"LAT1-3TM","MCI","Terminal effector CD8 T cells",NA,NA,NA,NA
"LAT1-3TM","MCI","Th2 cells",NA,NA,NA,NA
"LAT1-3TM","AD","Central memory CD8 T cells",NA,NA,NA,NA
"LAT1-3TM","AD","Effector memory CD8 T cells",NA,NA,NA,NA
"LAT1-3TM","AD","MAIT cells",NA,NA,NA,NA
"LAT1-3TM","AD","Naive CD8 T cells",NA,NA,NA,NA
"LAT1-3TM","AD","Natural killer cells",NA,NA,NA,NA
"LAT1-3TM","AD","Neutrophil",NA,NA,NA,NA
"LAT1-3TM","AD","Non-switched memory B cells",NA,NA,NA,NA
"LAT1-3TM","AD","Terminal effector CD8 T cells",NA,NA,NA,NA
"LAT1-3TM","AD","Th2 cells",NA,NA,NA,NA
"PHF15","HC","Central memory CD8 T cells",NA,NA,"PHF15",NA
"PHF15","HC","Effector memory CD8 T cells",NA,NA,"PHF15",NA
"PHF15","HC","MAIT cells",NA,NA,"PHF15",NA
"PHF15","HC","Naive CD8 T cells",NA,NA,"PHF15",NA
"PHF15","HC","Natural killer cells",NA,NA,"PHF15",NA
"PHF15","HC","Neutrophil",NA,NA,"PHF15",NA
"PHF15","HC","Non-switched memory B cells",NA,NA,"PHF15",NA
"PHF15","HC","Terminal effector CD8 T cells",NA,NA,"PHF15",NA
"PHF15","HC","Th2 cells",NA,NA,"PHF15",NA
"PHF15","MCI","Central memory CD8 T cells",NA,NA,"PHF15",NA
"PHF15","MCI","Effector memory CD8 T cells",NA,NA,"PHF15",NA
"PHF15","MCI","MAIT cells",NA,NA,"PHF15",NA
"PHF15","MCI","Naive CD8 T cells",NA,NA,"PHF15",NA
"PHF15","MCI","Natural killer cells",NA,NA,"PHF15",NA
"PHF15","MCI","Neutrophil",NA,NA,"PHF15",NA
"PHF15","MCI","Non-switched memory B cells",NA,NA,"PHF15",NA
"PHF15","MCI","Terminal effector CD8 T cells",NA,NA,"PHF15",NA
"PHF15","MCI","Th2 cells",NA,NA,"PHF15",NA
"PHF15","AD","Central memory CD8 T cells",NA,NA,"PHF15",NA
"PHF15","AD","Effector memory CD8 T cells",NA,NA,"PHF15",NA
"PHF15","AD","MAIT cells",NA,NA,"PHF15",NA
"PHF15","AD","Naive CD8 T cells",NA,NA,"PHF15",NA
"PHF15","AD","Natural killer cells",NA,NA,"PHF15",NA
"PHF15","AD","Neutrophil",NA,NA,"PHF15",NA
"PHF15","AD","Non-switched memory B cells",NA,NA,"PHF15",NA
"PHF15","AD","Terminal effector CD8 T cells",NA,NA,"PHF15",NA
"PHF15","AD","Th2 cells",NA,NA,"PHF15",NA
"PRDM10","HC","Central memory CD8 T cells",0.0153395079378745,"PRDM10","PRDM10",-0.115259834350754
"PRDM10","HC","Effector memory CD8 T cells",0.0200217782158656,"PRDM10","PRDM10",-0.115259834350754
"PRDM10","HC","MAIT cells",0.0186094642904728,"PRDM10","PRDM10",-0.115259834350754
"PRDM10","HC","Naive CD8 T cells",0.0191157322065164,"PRDM10","PRDM10",-0.115259834350754
"PRDM10","HC","Natural killer cells",0,"PRDM10","PRDM10",-0.115259834350754
"PRDM10","HC","Neutrophil",0.0362565648061376,"PRDM10","PRDM10",-0.115259834350754
"PRDM10","HC","Non-switched memory B cells",0,"PRDM10","PRDM10",-0.115259834350754
"PRDM10","HC","Terminal effector CD8 T cells",0.0210353936615999,"PRDM10","PRDM10",-0.115259834350754
"PRDM10","HC","Th2 cells",0.011589333408394,"PRDM10","PRDM10",-0.115259834350754
"PRDM10","MCI","Central memory CD8 T cells",0.0206979017378737,"PRDM10","PRDM10",-0.115259834350754
"PRDM10","MCI","Effector memory CD8 T cells",0.0137789731669465,"PRDM10","PRDM10",-0.115259834350754
"PRDM10","MCI","MAIT cells",0.00996171155499009,"PRDM10","PRDM10",-0.115259834350754
"PRDM10","MCI","Naive CD8 T cells",0.00936061729223913,"PRDM10","PRDM10",-0.115259834350754
"PRDM10","MCI","Natural killer cells",NA,NA,"PRDM10",-0.115259834350754
"PRDM10","MCI","Neutrophil",NA,NA,"PRDM10",-0.115259834350754
"PRDM10","MCI","Non-switched memory B cells",0,"PRDM10","PRDM10",-0.115259834350754
"PRDM10","MCI","Terminal effector CD8 T cells",0.019884180031865,"PRDM10","PRDM10",-0.115259834350754
"PRDM10","MCI","Th2 cells",0.0127294798199863,"PRDM10","PRDM10",-0.115259834350754
"PRDM10","AD","Central memory CD8 T cells",0.0142104339122144,"PRDM10","PRDM10",-0.115259834350754
"PRDM10","AD","Effector memory CD8 T cells",0.0190219170072437,"PRDM10","PRDM10",-0.115259834350754
"PRDM10","AD","MAIT cells",0.0178627381120985,"PRDM10","PRDM10",-0.115259834350754
"PRDM10","AD","Naive CD8 T cells",0.0223200075780127,"PRDM10","PRDM10",-0.115259834350754
"PRDM10","AD","Natural killer cells",0,"PRDM10","PRDM10",-0.115259834350754
"PRDM10","AD","Neutrophil",0,"PRDM10","PRDM10",-0.115259834350754
"PRDM10","AD","Non-switched memory B cells",0.0778526221899659,"PRDM10","PRDM10",-0.115259834350754
"PRDM10","AD","Terminal effector CD8 T cells",0.024543459851669,"PRDM10","PRDM10",-0.115259834350754
"PRDM10","AD","Th2 cells",0.0244549182746274,"PRDM10","PRDM10",-0.115259834350754
"RP2","HC","Central memory CD8 T cells",0.0229253391017729,"RP2","RP2",-0.404874634651317
"RP2","HC","Effector memory CD8 T cells",0.0389380228042249,"RP2","RP2",-0.404874634651317
"RP2","HC","MAIT cells",0.0234305493354491,"RP2","RP2",-0.404874634651317
"RP2","HC","Naive CD8 T cells",0.022444696466077,"RP2","RP2",-0.404874634651317
"RP2","HC","Natural killer cells",0.0474980396750255,"RP2","RP2",-0.404874634651317
"RP2","HC","Neutrophil",0.201160097267558,"RP2","RP2",-0.404874634651317
"RP2","HC","Non-switched memory B cells",0.104410901155156,"RP2","RP2",-0.404874634651317
"RP2","HC","Terminal effector CD8 T cells",0.0442723215492209,"RP2","RP2",-0.404874634651317
"RP2","HC","Th2 cells",0.0209296695994231,"RP2","RP2",-0.404874634651317
"RP2","MCI","Central memory CD8 T cells",0.00903899402771236,"RP2","RP2",-0.404874634651317
"RP2","MCI","Effector memory CD8 T cells",0.0453768668643056,"RP2","RP2",-0.404874634651317
"RP2","MCI","MAIT cells",0.0209814787913846,"RP2","RP2",-0.404874634651317
"RP2","MCI","Naive CD8 T cells",0.0164045717915052,"RP2","RP2",-0.404874634651317
"RP2","MCI","Natural killer cells",NA,NA,"RP2",-0.404874634651317
"RP2","MCI","Neutrophil",NA,NA,"RP2",-0.404874634651317
"RP2","MCI","Non-switched memory B cells",0,"RP2","RP2",-0.404874634651317
"RP2","MCI","Terminal effector CD8 T cells",0.0325033558300843,"RP2","RP2",-0.404874634651317
"RP2","MCI","Th2 cells",0.0172630449145235,"RP2","RP2",-0.404874634651317
"RP2","AD","Central memory CD8 T cells",0.0244382051378268,"RP2","RP2",-0.404874634651317
"RP2","AD","Effector memory CD8 T cells",0.0344707807701222,"RP2","RP2",-0.404874634651317
"RP2","AD","MAIT cells",0.0229644009821947,"RP2","RP2",-0.404874634651317
"RP2","AD","Naive CD8 T cells",0.00909611048267515,"RP2","RP2",-0.404874634651317
"RP2","AD","Natural killer cells",0,"RP2","RP2",-0.404874634651317
"RP2","AD","Neutrophil",0.182554751742355,"RP2","RP2",-0.404874634651317
"RP2","AD","Non-switched memory B cells",0.069135759706419,"RP2","RP2",-0.404874634651317
"RP2","AD","Terminal effector CD8 T cells",0.0533808364411539,"RP2","RP2",-0.404874634651317
"RP2","AD","Th2 cells",0.0167256249047736,"RP2","RP2",-0.404874634651317
"UCP2","HC","Central memory CD8 T cells",0.889509213857772,"UCP2","UCP2",-0.49846200041838
"UCP2","HC","Effector memory CD8 T cells",0.940984182942849,"UCP2","UCP2",-0.49846200041838
"UCP2","HC","MAIT cells",0.840743470944209,"UCP2","UCP2",-0.49846200041838
"UCP2","HC","Naive CD8 T cells",0.941030054863369,"UCP2","UCP2",-0.49846200041838
"UCP2","HC","Natural killer cells",1.6385417078268,"UCP2","UCP2",-0.49846200041838
"UCP2","HC","Neutrophil",1.32569321801584,"UCP2","UCP2",-0.49846200041838
"UCP2","HC","Non-switched memory B cells",1.62129701823832,"UCP2","UCP2",-0.49846200041838
"UCP2","HC","Terminal effector CD8 T cells",1.15145826212103,"UCP2","UCP2",-0.49846200041838
"UCP2","HC","Th2 cells",1.0980647168829,"UCP2","UCP2",-0.49846200041838
"UCP2","MCI","Central memory CD8 T cells",0.586210753577949,"UCP2","UCP2",-0.49846200041838
"UCP2","MCI","Effector memory CD8 T cells",0.731209607333618,"UCP2","UCP2",-0.49846200041838
"UCP2","MCI","MAIT cells",0.61228816344982,"UCP2","UCP2",-0.49846200041838
"UCP2","MCI","Naive CD8 T cells",0.825531739101143,"UCP2","UCP2",-0.49846200041838
"UCP2","MCI","Natural killer cells",NA,NA,"UCP2",-0.49846200041838
"UCP2","MCI","Neutrophil",NA,NA,"UCP2",-0.49846200041838
"UCP2","MCI","Non-switched memory B cells",0.485105109262798,"UCP2","UCP2",-0.49846200041838
"UCP2","MCI","Terminal effector CD8 T cells",1.0260353851418,"UCP2","UCP2",-0.49846200041838
"UCP2","MCI","Th2 cells",0.714267687465875,"UCP2","UCP2",-0.49846200041838
"UCP2","AD","Central memory CD8 T cells",0.976432044888363,"UCP2","UCP2",-0.49846200041838
"UCP2","AD","Effector memory CD8 T cells",0.857921504321126,"UCP2","UCP2",-0.49846200041838
"UCP2","AD","MAIT cells",0.993473898756874,"UCP2","UCP2",-0.49846200041838
"UCP2","AD","Naive CD8 T cells",1.12514489396015,"UCP2","UCP2",-0.49846200041838
"UCP2","AD","Natural killer cells",2.02328189847901,"UCP2","UCP2",-0.49846200041838
"UCP2","AD","Neutrophil",1.35365274677374,"UCP2","UCP2",-0.49846200041838
"UCP2","AD","Non-switched memory B cells",1.82480372114895,"UCP2","UCP2",-0.49846200041838
"UCP2","AD","Terminal effector CD8 T cells",1.41635451967857,"UCP2","UCP2",-0.49846200041838
"UCP2","AD","Th2 cells",1.0947502746242,"UCP2","UCP2",-0.49846200041838
"USP38","HC","Central memory CD8 T cells",0.0638186659575254,"USP38","USP38",-0.375583352611148
"USP38","HC","Effector memory CD8 T cells",0.0840453136235065,"USP38","USP38",-0.375583352611148
"USP38","HC","MAIT cells",0.0738664580584012,"USP38","USP38",-0.375583352611148
"USP38","HC","Naive CD8 T cells",0.0532498874928702,"USP38","USP38",-0.375583352611148
"USP38","HC","Natural killer cells",0.0562338043494905,"USP38","USP38",-0.375583352611148
"USP38","HC","Neutrophil",0.0780230819466533,"USP38","USP38",-0.375583352611148
"USP38","HC","Non-switched memory B cells",0.0325240451613857,"USP38","USP38",-0.375583352611148
"USP38","HC","Terminal effector CD8 T cells",0.0978970933825109,"USP38","USP38",-0.375583352611148
"USP38","HC","Th2 cells",0.0844605231199974,"USP38","USP38",-0.375583352611148
"USP38","MCI","Central memory CD8 T cells",0.0907490250049937,"USP38","USP38",-0.375583352611148
"USP38","MCI","Effector memory CD8 T cells",0.0863785706088168,"USP38","USP38",-0.375583352611148
"USP38","MCI","MAIT cells",0.072328246470759,"USP38","USP38",-0.375583352611148
"USP38","MCI","Naive CD8 T cells",0.0939170098226722,"USP38","USP38",-0.375583352611148
"USP38","MCI","Natural killer cells",NA,NA,"USP38",-0.375583352611148
"USP38","MCI","Neutrophil",NA,NA,"USP38",-0.375583352611148
"USP38","MCI","Non-switched memory B cells",0.151120130546108,"USP38","USP38",-0.375583352611148
"USP38","MCI","Terminal effector CD8 T cells",0.0932960095932671,"USP38","USP38",-0.375583352611148
"USP38","MCI","Th2 cells",0.145688783985268,"USP38","USP38",-0.375583352611148
"USP38","AD","Central memory CD8 T cells",0.0736797530444401,"USP38","USP38",-0.375583352611148
"USP38","AD","Effector memory CD8 T cells",0.0784995042604155,"USP38","USP38",-0.375583352611148
"USP38","AD","MAIT cells",0.0756990382626941,"USP38","USP38",-0.375583352611148
"USP38","AD","Naive CD8 T cells",0.0527653217259398,"USP38","USP38",-0.375583352611148
"USP38","AD","Natural killer cells",0,"USP38","USP38",-0.375583352611148
"USP38","AD","Neutrophil",0.0378726295057601,"USP38","USP38",-0.375583352611148
"USP38","AD","Non-switched memory B cells",0.0562935780248712,"USP38","USP38",-0.375583352611148
"USP38","AD","Terminal effector CD8 T cells",0.100066680550463,"USP38","USP38",-0.375583352611148
"USP38","AD","Th2 cells",0.0600986195833207,"USP38","USP38",-0.375583352611148
"VAT1","HC","Central memory CD8 T cells",0.0812248896806979,"VAT1","VAT1",-0.144704023915734
"VAT1","HC","Effector memory CD8 T cells",0.0616340094239974,"VAT1","VAT1",-0.144704023915734
"VAT1","HC","MAIT cells",0.0543241195443428,"VAT1","VAT1",-0.144704023915734
"VAT1","HC","Naive CD8 T cells",0.0513704215827607,"VAT1","VAT1",-0.144704023915734
"VAT1","HC","Natural killer cells",0.0330386922229005,"VAT1","VAT1",-0.144704023915734
"VAT1","HC","Neutrophil",0.055397888829617,"VAT1","VAT1",-0.144704023915734
"VAT1","HC","Non-switched memory B cells",0.200493298773198,"VAT1","VAT1",-0.144704023915734
"VAT1","HC","Terminal effector CD8 T cells",0.0827971926839444,"VAT1","VAT1",-0.144704023915734
"VAT1","HC","Th2 cells",0.133168852357661,"VAT1","VAT1",-0.144704023915734
"VAT1","MCI","Central memory CD8 T cells",0.106947799105277,"VAT1","VAT1",-0.144704023915734
"VAT1","MCI","Effector memory CD8 T cells",0.0960569911090214,"VAT1","VAT1",-0.144704023915734
"VAT1","MCI","MAIT cells",0.0792278015711818,"VAT1","VAT1",-0.144704023915734
"VAT1","MCI","Naive CD8 T cells",0.0811870929367148,"VAT1","VAT1",-0.144704023915734
"VAT1","MCI","Natural killer cells",NA,NA,"VAT1",-0.144704023915734
"VAT1","MCI","Neutrophil",NA,NA,"VAT1",-0.144704023915734
"VAT1","MCI","Non-switched memory B cells",0.0720749515476371,"VAT1","VAT1",-0.144704023915734
"VAT1","MCI","Terminal effector CD8 T cells",0.0868053656090406,"VAT1","VAT1",-0.144704023915734
"VAT1","MCI","Th2 cells",0.148912211272517,"VAT1","VAT1",-0.144704023915734
"VAT1","AD","Central memory CD8 T cells",0.100609649922625,"VAT1","VAT1",-0.144704023915734
"VAT1","AD","Effector memory CD8 T cells",0.0793572372686435,"VAT1","VAT1",-0.144704023915734
"VAT1","AD","MAIT cells",0.0642799040468055,"VAT1","VAT1",-0.144704023915734
"VAT1","AD","Naive CD8 T cells",0.0602786800221776,"VAT1","VAT1",-0.144704023915734
"VAT1","AD","Natural killer cells",0,"VAT1","VAT1",-0.144704023915734
"VAT1","AD","Neutrophil",0.0305542581090893,"VAT1","VAT1",-0.144704023915734
"VAT1","AD","Non-switched memory B cells",0.21852177038795,"VAT1","VAT1",-0.144704023915734
"VAT1","AD","Terminal effector CD8 T cells",0.10494594559602,"VAT1","VAT1",-0.144704023915734
"VAT1","AD","Th2 cells",0.124997110372727,"VAT1","VAT1",-0.144704023915734
"ZSWIM6","HC","Central memory CD8 T cells",0.00851270457156709,"ZSWIM6","ZSWIM6",-0.744470763286065
"ZSWIM6","HC","Effector memory CD8 T cells",0.015004435726068,"ZSWIM6","ZSWIM6",-0.744470763286065
"ZSWIM6","HC","MAIT cells",0.0193030250495018,"ZSWIM6","ZSWIM6",-0.744470763286065
"ZSWIM6","HC","Naive CD8 T cells",0.0145302770709421,"ZSWIM6","ZSWIM6",-0.744470763286065
"ZSWIM6","HC","Natural killer cells",0.00842812934921641,"ZSWIM6","ZSWIM6",-0.744470763286065
"ZSWIM6","HC","Neutrophil",0.0527908330319848,"ZSWIM6","ZSWIM6",-0.744470763286065
"ZSWIM6","HC","Non-switched memory B cells",0.038582121893879,"ZSWIM6","ZSWIM6",-0.744470763286065
"ZSWIM6","HC","Terminal effector CD8 T cells",0.0171143258097489,"ZSWIM6","ZSWIM6",-0.744470763286065
"ZSWIM6","HC","Th2 cells",0.0180942933527463,"ZSWIM6","ZSWIM6",-0.744470763286065
"ZSWIM6","MCI","Central memory CD8 T cells",0.0397039525108913,"ZSWIM6","ZSWIM6",-0.744470763286065
"ZSWIM6","MCI","Effector memory CD8 T cells",0.0142851531136664,"ZSWIM6","ZSWIM6",-0.744470763286065
"ZSWIM6","MCI","MAIT cells",0.00410655506988095,"ZSWIM6","ZSWIM6",-0.744470763286065
"ZSWIM6","MCI","Naive CD8 T cells",0.0229065026627282,"ZSWIM6","ZSWIM6",-0.744470763286065
"ZSWIM6","MCI","Natural killer cells",NA,NA,"ZSWIM6",-0.744470763286065
"ZSWIM6","MCI","Neutrophil",NA,NA,"ZSWIM6",-0.744470763286065
"ZSWIM6","MCI","Non-switched memory B cells",0,"ZSWIM6","ZSWIM6",-0.744470763286065
"ZSWIM6","MCI","Terminal effector CD8 T cells",0.0196013530708719,"ZSWIM6","ZSWIM6",-0.744470763286065
"ZSWIM6","MCI","Th2 cells",0.0181333633005098,"ZSWIM6","ZSWIM6",-0.744470763286065
"ZSWIM6","AD","Central memory CD8 T cells",0.0223129009421272,"ZSWIM6","ZSWIM6",-0.744470763286065
"ZSWIM6","AD","Effector memory CD8 T cells",0.0153989873994019,"ZSWIM6","ZSWIM6",-0.744470763286065
"ZSWIM6","AD","MAIT cells",0.0125764473275082,"ZSWIM6","ZSWIM6",-0.744470763286065
"ZSWIM6","AD","Naive CD8 T cells",0.0130029833490547,"ZSWIM6","ZSWIM6",-0.744470763286065
"ZSWIM6","AD","Natural killer cells",0,"ZSWIM6","ZSWIM6",-0.744470763286065
"ZSWIM6","AD","Neutrophil",0.0378726295057601,"ZSWIM6","ZSWIM6",-0.744470763286065
"ZSWIM6","AD","Non-switched memory B cells",0,"ZSWIM6","ZSWIM6",-0.744470763286065
"ZSWIM6","AD","Terminal effector CD8 T cells",0.0170336944533913,"ZSWIM6","ZSWIM6",-0.744470763286065
"ZSWIM6","AD","Th2 cells",0.024975508265923,"ZSWIM6","ZSWIM6",-0.744470763286065
