"cell_type","avg_expr","pct_expr","gene","marker_set"
"Central memory CD8 T cells",0.344710124128918,26.5522875816993,"CCR7","Central memory CD8 T; Naive CD8 T; Th2"
"Effector memory CD8 T cells",0.0853470209949784,6.62415869642225,"CCR7","Central memory CD8 T; Naive CD8 T; Th2"
"MAIT cells",0.0260637533924444,2.2740193291643,"CCR7","Central memory CD8 T; Naive CD8 T; Th2"
"Naive CD8 T cells",1.22327594139272,79.4370602032838,"CCR7","Central memory CD8 T; Naive CD8 T; Th2"
"Natural killer cells",0.00887159851264536,0.578034682080925,"CCR7","Central memory CD8 T; Naive CD8 T; Th2"
"Neutrophil",0,0,"CCR7","Central memory CD8 T; Naive CD8 T; Th2"
"Non-switched memory B cells",0.478743067293334,38.8888888888889,"CCR7","Central memory CD8 T; Naive CD8 T; Th2"
"Terminal effector CD8 T cells",0.00294697188151046,0.2197265625,"CCR7","Central memory CD8 T; Naive CD8 T; Th2"
"Th2 cells",0.407548240459091,36.4856230031949,"CCR7","Central memory CD8 T; Naive CD8 T; Th2"
"Central memory CD8 T cells",2.38573364504351,97.5898692810458,"IL7R","Central memory CD8 T; Naive CD8 T; Th2"
"Effector memory CD8 T cells",1.29235812519486,63.2837407013815,"IL7R","Central memory CD8 T; Naive CD8 T; Th2"
"MAIT cells",2.62665917642241,97.9533826037521,"IL7R","Central memory CD8 T; Naive CD8 T; Th2"
"Naive CD8 T cells",1.74742197435456,91.7122752150117,"IL7R","Central memory CD8 T; Naive CD8 T; Th2"
"Natural killer cells",0.00925166279169847,0.578034682080925,"IL7R","Central memory CD8 T; Naive CD8 T; Th2"
"Neutrophil",0.155419611048513,15.1515151515152,"IL7R","Central memory CD8 T; Naive CD8 T; Th2"
"Non-switched memory B cells",0.353285028069749,24.0740740740741,"IL7R","Central memory CD8 T; Naive CD8 T; Th2"
"Terminal effector CD8 T cells",0.53952333148521,29.79736328125,"IL7R","Central memory CD8 T; Naive CD8 T; Th2"
"Th2 cells",2.220976330265,96.8051118210863,"IL7R","Central memory CD8 T; Naive CD8 T; Th2"
"Central memory CD8 T cells",2.05143168263952,91.5441176470588,"LTB","Central memory CD8 T; Naive CD8 T; Th2"
"Effector memory CD8 T cells",0.782811257591947,45.1470067304286,"LTB","Central memory CD8 T; Naive CD8 T; Th2"
"MAIT cells",2.116999682834,89.0847072200114,"LTB","Central memory CD8 T; Naive CD8 T; Th2"
"Naive CD8 T cells",2.18252060322021,96.8334636434715,"LTB","Central memory CD8 T; Naive CD8 T; Th2"
"Natural killer cells",0.0931194873062082,5.78034682080925,"LTB","Central memory CD8 T; Naive CD8 T; Th2"
"Neutrophil",0.476154098101234,39.3939393939394,"LTB","Central memory CD8 T; Naive CD8 T; Th2"
"Non-switched memory B cells",1.94540539851801,83.3333333333333,"LTB","Central memory CD8 T; Naive CD8 T; Th2"
"Terminal effector CD8 T cells",0.213481387705819,15.07568359375,"LTB","Central memory CD8 T; Naive CD8 T; Th2"
"Th2 cells",2.67247495197845,99.4888178913738,"LTB","Central memory CD8 T; Naive CD8 T; Th2"
"Central memory CD8 T cells",0.346149208816231,26.593137254902,"MAL","Central memory CD8 T; Naive CD8 T"
"Effector memory CD8 T cells",0.00984153167926189,0.690754516471838,"MAL","Central memory CD8 T; Naive CD8 T"
"MAIT cells",0.00542905336429456,0.45480386583286,"MAL","Central memory CD8 T; Naive CD8 T"
"Naive CD8 T cells",0.811133426251528,61.9233776387803,"MAL","Central memory CD8 T; Naive CD8 T"
"Natural killer cells",0,0,"MAL","Central memory CD8 T; Naive CD8 T"
"Neutrophil",0,0,"MAL","Central memory CD8 T; Naive CD8 T"
"Non-switched memory B cells",0.115251526378288,12.962962962963,"MAL","Central memory CD8 T; Naive CD8 T"
"Terminal effector CD8 T cells",0.0016267389899145,0.13427734375,"MAL","Central memory CD8 T; Naive CD8 T"
"Th2 cells",0.849330919165663,65.8785942492013,"MAL","Central memory CD8 T; Naive CD8 T"
"Central memory CD8 T cells",1.19337951547065,54.125816993464,"GZMK","Effector memory CD8 T"
"Effector memory CD8 T cells",2.01082442595397,80.6942968473255,"GZMK","Effector memory CD8 T"
"MAIT cells",2.00960113364828,92.2114837976123,"GZMK","Effector memory CD8 T"
"Naive CD8 T cells",0.0255318181677412,1.87646598905395,"GZMK","Effector memory CD8 T"
"Natural killer cells",0.0597507086012312,2.89017341040462,"GZMK","Effector memory CD8 T"
"Neutrophil",0.0824941517677596,9.09090909090909,"GZMK","Effector memory CD8 T"
"Non-switched memory B cells",0.237400854994785,11.1111111111111,"GZMK","Effector memory CD8 T"
"Terminal effector CD8 T cells",0.238822328272625,13.14697265625,"GZMK","Effector memory CD8 T"
"Th2 cells",0.0777619660141282,5.23961661341853,"GZMK","Effector memory CD8 T"
"Central memory CD8 T cells",2.75466457206951,87.0098039215686,"CCL5","Effector memory CD8 T; Terminal effector CD8 T"
"Effector memory CD8 T cells",3.58836899443465,99.2915338292596,"CCL5","Effector memory CD8 T; Terminal effector CD8 T"
"MAIT cells",2.79932787708287,98.0670835702103,"CCL5","Effector memory CD8 T; Terminal effector CD8 T"
"Naive CD8 T cells",0.143324229296792,9.89053948397185,"CCL5","Effector memory CD8 T; Terminal effector CD8 T"
"Natural killer cells",3.25663412530341,87.8612716763006,"CCL5","Effector memory CD8 T; Terminal effector CD8 T"
"Neutrophil",0.272611803014708,18.1818181818182,"CCL5","Effector memory CD8 T; Terminal effector CD8 T"
"Non-switched memory B cells",0.414166397991294,24.0740740740741,"CCL5","Effector memory CD8 T; Terminal effector CD8 T"
"Terminal effector CD8 T cells",3.74815753067772,99.69482421875,"CCL5","Effector memory CD8 T; Terminal effector CD8 T"
"Th2 cells",0.333932122068471,19.4888178913738,"CCL5","Effector memory CD8 T; Terminal effector CD8 T"
"Central memory CD8 T cells",1.19700014079523,63.4803921568627,"NKG7","Effector memory CD8 T; MAIT; Natural killer; Terminal effector CD8 T"
"Effector memory CD8 T cells",3.12480250738505,96.6879206517889,"NKG7","Effector memory CD8 T; MAIT; Natural killer; Terminal effector CD8 T"
"MAIT cells",2.88586728269232,98.5218874360432,"NKG7","Effector memory CD8 T; MAIT; Natural killer; Terminal effector CD8 T"
"Naive CD8 T cells",0.109036187331963,10.7896794370602,"NKG7","Effector memory CD8 T; MAIT; Natural killer; Terminal effector CD8 T"
"Natural killer cells",4.54990192913454,100,"NKG7","Effector memory CD8 T; MAIT; Natural killer; Terminal effector CD8 T"
"Neutrophil",0.278673863138246,21.2121212121212,"NKG7","Effector memory CD8 T; MAIT; Natural killer; Terminal effector CD8 T"
"Non-switched memory B cells",0.29983945597821,18.5185185185185,"NKG7","Effector memory CD8 T; MAIT; Natural killer; Terminal effector CD8 T"
"Terminal effector CD8 T cells",3.93921031177685,99.365234375,"NKG7","Effector memory CD8 T; MAIT; Natural killer; Terminal effector CD8 T"
"Th2 cells",0.240550821066364,21.0223642172524,"NKG7","Effector memory CD8 T; MAIT; Natural killer; Terminal effector CD8 T"
"Central memory CD8 T cells",1.58704808970594,87.9493464052288,"CD3D","Effector memory CD8 T"
"Effector memory CD8 T cells",1.84725716492146,89.9220687212186,"CD3D","Effector memory CD8 T"
"MAIT cells",1.61669868757027,88.914155770324,"CD3D","Effector memory CD8 T"
"Naive CD8 T cells",1.60308636035053,91.7122752150117,"CD3D","Effector memory CD8 T"
"Natural killer cells",0.076316509723513,3.46820809248555,"CD3D","Effector memory CD8 T"
"Neutrophil",0.0707155749155509,6.06060606060606,"CD3D","Effector memory CD8 T"
"Non-switched memory B cells",0.345989061436495,25.9259259259259,"CD3D","Effector memory CD8 T"
"Terminal effector CD8 T cells",1.86849422732526,89.1845703125,"CD3D","Effector memory CD8 T"
"Th2 cells",1.60063102306689,93.6741214057508,"CD3D","Effector memory CD8 T"
"Central memory CD8 T cells",0.0881773549891648,4.77941176470588,"TRAV1-2","MAIT"
"Effector memory CD8 T cells",0.0583792786044578,3.2589443854056,"TRAV1-2","MAIT"
"MAIT cells",1.3864799736481,75.8953951108584,"TRAV1-2","MAIT"
"Naive CD8 T cells",0.0823889863298509,5.43393275996873,"TRAV1-2","MAIT"
"Natural killer cells",0,0,"TRAV1-2","MAIT"
"Neutrophil",0,0,"TRAV1-2","MAIT"
"Non-switched memory B cells",0,0,"TRAV1-2","MAIT"
"Terminal effector CD8 T cells",0.0255824699031828,1.4404296875,"TRAV1-2","MAIT"
"Th2 cells",0.0606904957919276,3.70607028753994,"TRAV1-2","MAIT"
"Central memory CD8 T cells",0.00366685172329358,0.285947712418301,"SLC4A10","MAIT"
"Effector memory CD8 T cells",0.00201011441295226,0.106269925611052,"SLC4A10","MAIT"
"MAIT cells",0.620457207719557,46.560545764639,"SLC4A10","MAIT"
"Naive CD8 T cells",0,0,"SLC4A10","MAIT"
"Natural killer cells",0.0343580655961109,2.3121387283237,"SLC4A10","MAIT"
"Neutrophil",0,0,"SLC4A10","MAIT"
"Non-switched memory B cells",0,0,"SLC4A10","MAIT"
"Terminal effector CD8 T cells",0.000132454198913864,0.01220703125,"SLC4A10","MAIT"
"Th2 cells",0.000465410756988926,0.0638977635782748,"SLC4A10","MAIT"
"Central memory CD8 T cells",0.23850631606189,13.5212418300654,"KLRB1","MAIT"
"Effector memory CD8 T cells",0.403867204570711,20.403825717322,"KLRB1","MAIT"
"MAIT cells",3.00785647121257,99.3177942012507,"KLRB1","MAIT"
"Naive CD8 T cells",0.0115461853580412,1.13369820172009,"KLRB1","MAIT"
"Natural killer cells",2.12219573713738,87.2832369942196,"KLRB1","MAIT"
"Neutrophil",0,0,"KLRB1","MAIT"
"Non-switched memory B cells",0.0510841272039669,3.7037037037037,"KLRB1","MAIT"
"Terminal effector CD8 T cells",0.346902211997692,16.80908203125,"KLRB1","MAIT"
"Th2 cells",0.0984277706599435,6.90095846645367,"KLRB1","MAIT"
"Central memory CD8 T cells",0.550257152286189,18.4232026143791,"GNLY","Natural killer; Terminal effector CD8 T"
"Effector memory CD8 T cells",0.392744471141139,13.9922068721219,"GNLY","Natural killer; Terminal effector CD8 T"
"MAIT cells",0.760779363680746,29.7328027288232,"GNLY","Natural killer; Terminal effector CD8 T"
"Naive CD8 T cells",0.0188832952746101,1.91555903049257,"GNLY","Natural killer; Terminal effector CD8 T"
"Natural killer cells",4.4345420380908,98.8439306358381,"GNLY","Natural killer; Terminal effector CD8 T"
"Neutrophil",0.0752768850232645,6.06060606060606,"GNLY","Natural killer; Terminal effector CD8 T"
"Non-switched memory B cells",0.105538522185478,5.55555555555556,"GNLY","Natural killer; Terminal effector CD8 T"
"Terminal effector CD8 T cells",3.57391260324212,91.17431640625,"GNLY","Natural killer; Terminal effector CD8 T"
"Th2 cells",0.0378808792569383,3.38658146964856,"GNLY","Natural killer; Terminal effector CD8 T"
"Central memory CD8 T cells",0.024154457518996,1.83823529411765,"FCER1G","Natural killer"
"Effector memory CD8 T cells",0.00639121789591416,0.495926319518243,"FCER1G","Natural killer"
"MAIT cells",0.00179199648596604,0.170551449687322,"FCER1G","Natural killer"
"Naive CD8 T cells",0.241036772204717,20.9538702111024,"FCER1G","Natural killer"
"Natural killer cells",2.52796083203133,94.7976878612717,"FCER1G","Natural killer"
"Neutrophil",2.82441806660619,100,"FCER1G","Natural killer"
"Non-switched memory B cells",0.00800141599616932,1.85185185185185,"FCER1G","Natural killer"
"Terminal effector CD8 T cells",0.014958531166097,0.84228515625,"FCER1G","Natural killer"
"Th2 cells",0.0249016104594874,2.17252396166134,"FCER1G","Natural killer"
"Central memory CD8 T cells",1.20818721791898,71.9771241830065,"TRBC2","Natural killer"
"Effector memory CD8 T cells",1.40436163369289,75.1859723698193,"TRBC2","Natural killer"
"MAIT cells",1.09875716313188,66.9130187606595,"TRBC2","Natural killer"
"Naive CD8 T cells",1.29890519160352,80.6098514464425,"TRBC2","Natural killer"
"Natural killer cells",1.18715428609951,63.0057803468208,"TRBC2","Natural killer"
"Neutrophil",0.101827558231326,12.1212121212121,"TRBC2","Natural killer"
"Non-switched memory B cells",1.27303355710463,87.037037037037,"TRBC2","Natural killer"
"Terminal effector CD8 T cells",1.58609836034832,80.65185546875,"TRBC2","Natural killer"
"Th2 cells",1.21621553130365,79.1693290734824,"TRBC2","Natural killer"
"Central memory CD8 T cells",0.00167473311736506,0.163398692810458,"FCGR3B","Neutrophil"
"Effector memory CD8 T cells",0.00455195417872761,0.371944739638682,"FCGR3B","Neutrophil"
"MAIT cells",0.00117386145440829,0.113700966458215,"FCGR3B","Neutrophil"
"Naive CD8 T cells",0,0,"FCGR3B","Neutrophil"
"Natural killer cells",0.042943658983421,2.89017341040462,"FCGR3B","Neutrophil"
"Neutrophil",0.339185857463698,33.3333333333333,"FCGR3B","Neutrophil"
"Non-switched memory B cells",0,0,"FCGR3B","Neutrophil"
"Terminal effector CD8 T cells",0.0513913675418102,4.18701171875,"FCGR3B","Neutrophil"
"Th2 cells",0.000480879231604202,0.0638977635782748,"FCGR3B","Neutrophil"
"Central memory CD8 T cells",0.00359656003874326,0.285947712418301,"S100A8","Neutrophil"
"Effector memory CD8 T cells",0.00763248834129698,0.584484590860786,"S100A8","Neutrophil"
"MAIT cells",0.00494548145545424,0.341102899374645,"S100A8","Neutrophil"
"Naive CD8 T cells",0.00284642755789558,0.273651290070367,"S100A8","Neutrophil"
"Natural killer cells",0,0,"S100A8","Neutrophil"
"Neutrophil",1.87461383682282,63.6363636363636,"S100A8","Neutrophil"
"Non-switched memory B cells",0,0,"S100A8","Neutrophil"
"Terminal effector CD8 T cells",0.00403443445773999,0.28076171875,"S100A8","Neutrophil"
"Th2 cells",0.00259040033559754,0.255591054313099,"S100A8","Neutrophil"
"Central memory CD8 T cells",0.00885138609361532,0.735294117647059,"S100A9","Neutrophil"
"Effector memory CD8 T cells",0.00870305671791682,0.655331207934821,"S100A9","Neutrophil"
"MAIT cells",0.0767142804264731,6.42410460488914,"S100A9","Neutrophil"
"Naive CD8 T cells",0.00718359738996696,0.703674745895231,"S100A9","Neutrophil"
"Natural killer cells",0,0,"S100A9","Neutrophil"
"Neutrophil",2.29852271561811,81.8181818181818,"S100A9","Neutrophil"
"Non-switched memory B cells",0,0,"S100A9","Neutrophil"
"Terminal effector CD8 T cells",0.00727308076966536,0.50048828125,"S100A9","Neutrophil"
"Th2 cells",0.0081563393865008,0.894568690095847,"S100A9","Neutrophil"
"Central memory CD8 T cells",0,0,"CSF3R","Neutrophil"
"Effector memory CD8 T cells",0.00040766506149796,0.0354233085370174,"CSF3R","Neutrophil"
"MAIT cells",0,0,"CSF3R","Neutrophil"
"Naive CD8 T cells",0,0,"CSF3R","Neutrophil"
"Natural killer cells",0,0,"CSF3R","Neutrophil"
"Neutrophil",0.697871190174151,54.5454545454545,"CSF3R","Neutrophil"
"Non-switched memory B cells",0,0,"CSF3R","Neutrophil"
"Terminal effector CD8 T cells",0,0,"CSF3R","Neutrophil"
"Th2 cells",0,0,"CSF3R","Neutrophil"
"Central memory CD8 T cells",0.0619854766415188,5.18790849673203,"MS4A1","Memory B"
"Effector memory CD8 T cells",0.138866884379275,10.2550478214665,"MS4A1","Memory B"
"MAIT cells",0.0323877599690659,2.61512222853894,"MS4A1","Memory B"
"Naive CD8 T cells",0.000361857502914572,0.0390930414386239,"MS4A1","Memory B"
"Natural killer cells",0,0,"MS4A1","Memory B"
"Neutrophil",0,0,"MS4A1","Memory B"
"Non-switched memory B cells",2.09616154316368,96.2962962962963,"MS4A1","Memory B"
"Terminal effector CD8 T cells",0.0172598295443369,1.30615234375,"MS4A1","Memory B"
"Th2 cells",0.0168092252545807,1.66134185303514,"MS4A1","Memory B"
"Central memory CD8 T cells",0.018252726604043,1.51143790849673,"CD79A","Memory B"
"Effector memory CD8 T cells",0.00502527562776051,0.442791356712717,"CD79A","Memory B"
"MAIT cells",0.000520898654305922,0.0568504832291074,"CD79A","Memory B"
"Naive CD8 T cells",0.165611419135226,15.5199374511337,"CD79A","Memory B"
"Natural killer cells",0.00994491552301013,0.578034682080925,"CD79A","Memory B"
"Neutrophil",0.0414406516499181,3.03030303030303,"CD79A","Memory B"
"Non-switched memory B cells",2.59598246637983,100,"CD79A","Memory B"
"Terminal effector CD8 T cells",0.00207714767029193,0.1708984375,"CD79A","Memory B"
"Th2 cells",0.0303442074552293,2.93929712460064,"CD79A","Memory B"
"Central memory CD8 T cells",1.65978589879259,90.1960784313726,"CD37","Memory B"
"Effector memory CD8 T cells",1.71305291136185,87.9029401346086,"CD37","Memory B"
"MAIT cells",1.5236829390129,86.1284820920978,"CD37","Memory B"
"Naive CD8 T cells",1.59170036014227,91.5949960906959,"CD37","Memory B"
"Natural killer cells",1.7806621449626,82.6589595375723,"CD37","Memory B"
"Neutrophil",2.07192887562081,96.969696969697,"CD37","Memory B"
"Non-switched memory B cells",3.02440850280531,100,"CD37","Memory B"
"Terminal effector CD8 T cells",1.62966896581233,85.2294921875,"CD37","Memory B"
"Th2 cells",1.7216284977333,95.7188498402556,"CD37","Memory B"
"Central memory CD8 T cells",0.0146496140583248,1.06209150326797,"HLA-DRA","Memory B"
"Effector memory CD8 T cells",0.295235261102438,17.9773290825363,"HLA-DRA","Memory B"
"MAIT cells",0.0087096286123684,0.739056281978397,"HLA-DRA","Memory B"
"Naive CD8 T cells",0.00228161533121898,0.234558248631744,"HLA-DRA","Memory B"
"Natural killer cells",0,0,"HLA-DRA","Memory B"
"Neutrophil",2.9054291149621,96.969696969697,"HLA-DRA","Memory B"
"Non-switched memory B cells",3.48660662499815,100,"HLA-DRA","Memory B"
"Terminal effector CD8 T cells",0.128326754237507,8.55712890625,"HLA-DRA","Memory B"
"Th2 cells",0.0430238270822646,3.64217252396166,"HLA-DRA","Memory B"
"Central memory CD8 T cells",0.0537515620750557,4.20751633986928,"GZMB","Terminal effector CD8 T"
"Effector memory CD8 T cells",0.222622037647618,13.0357775416224,"GZMB","Terminal effector CD8 T"
"MAIT cells",0.0664112435011422,5.11654349061967,"GZMB","Terminal effector CD8 T"
"Naive CD8 T cells",0.00327619452856432,0.312744331508991,"GZMB","Terminal effector CD8 T"
"Natural killer cells",2.97678970145903,96.5317919075144,"GZMB","Terminal effector CD8 T"
"Neutrophil",0.0412148879405891,6.06060606060606,"GZMB","Terminal effector CD8 T"
"Non-switched memory B cells",0.0203941867972687,1.85185185185185,"GZMB","Terminal effector CD8 T"
"Terminal effector CD8 T cells",1.85068158433876,82.99560546875,"GZMB","Terminal effector CD8 T"
"Th2 cells",0.00777781274012826,0.830670926517572,"GZMB","Terminal effector CD8 T"
"Central memory CD8 T cells",0.40787797704617,31.0866013071895,"GATA3","Th2"
"Effector memory CD8 T cells",0.250460467218378,18.9691817215728,"GATA3","Th2"
"MAIT cells",0.326514049034964,25.4690164866401,"GATA3","Th2"
"Naive CD8 T cells",0.145947457078849,14.3080531665364,"GATA3","Th2"
"Natural killer cells",0.184682456372435,11.5606936416185,"GATA3","Th2"
"Neutrophil",0.0512279081601985,6.06060606060606,"GATA3","Th2"
"Non-switched memory B cells",0.129949461145957,12.962962962963,"GATA3","Th2"
"Terminal effector CD8 T cells",0.248922480598006,18.8232421875,"GATA3","Th2"
"Th2 cells",1.1405535353153,73.9936102236422,"GATA3","Th2"
